metric,value
delta_net_hhmr,1060424,1.774,0.0,563.63,0.8532,14.968,1758465895.9419289,"[1, 32, 512]","[1, 32, 512]"
delta_net_hhmr,1060424,1.945,0.0,1028.07,0.8564,14.936,1758465896.09297,"[2, 64, 512]","[2, 64, 512]"
delta_net_hhmr,1060424,3.238,4.09,1235.18,0.8628,14.872,1758465896.1816692,"[4, 128, 512]","[4, 128, 512]"
bash pipeline/train.sh delta_net_hrem,1000000,10.5,128,100.0,0.95,25.0,2025-09-22T13:24:59.017176,"[1, 128, 512]","[1, 128, 512]"
